idle_CPU_usage,peak_CPU_usage,avg_throughput_TPS,peak_throughput_TPS,RAM_size_GB
-0.0,0.45,2.946,307.4,0.7
0.03,0.48,19.899,305.74,1.7
0.01,0.51,19.712,151.28,0.8
0.32,0.89,0.67,113.69,1.5
0.0,0.91,5.406,124.27,1.8
-0.01,0.92,14.149,116.66,1.2
0.3,0.93,13.054,302.65,1.5
0.25,0.51,4.221,294.69,0.8
0.31,0.52,12.739,120.83,0.9
0.01,0.48,3.418,305.51,0.8
-0.03,0.95,6.544,301.82,0.7
0.28,0.96,9.099,111.7,0.7
0.31,0.47,8.341,102.63,1.6
0.02,0.43,15.037,117.19,0.8
0.01,0.63,7.83,297.73,1.0
0.31,0.85,10.473,288.14,0.9
-0.01,0.53,11.531,108.71,1.1
0.01,0.93,14.076,116.14,1.6
0.32,0.96,16.582,309.63,1.9
0.26,0.97,12.196,309.48,1.5
-0.01,0.64,11.618,115.25,1.3
-0.03,0.94,19.759,296.64,1.3
-0.03,0.51,3.499,108.21,1.0
0.29,0.51,12.331,284.23,0.9
0.0,0.42,9.3,110.51,1.1
0.3,0.48,12.82,301.84,0.5
0.02,0.86,11.37,128.05,1.2
0.01,0.44,9.558,117.68,1.4
0.33,0.97,18.67,110.87,1.0
0.31,0.99,9.112,314.8,1.3
0.31,0.51,8.185,122.07,0.9
0.35,0.58,19.199,288.57,1.6
-0.01,0.59,10.008,111.16,1.5
0.26,0.59,19.723,315.52,1.7
0.29,0.51,17.983,103.57,0.9
0.3,0.56,5.203,120.25,1.5
0.31,0.86,4.978,295.23,1.7
0.03,0.96,16.792,111.34,1.6
0.09,0.89,19.36,297.42,0.7
-0.02,0.42,3.939,112.82,1.8
0.27,0.53,3.792,285.85,0.6
0.24,0.87,19.687,305.57,1.3
0.01,0.47,7.891,135.06,1.7
0.03,0.55,14.354,302.86,1.8
0.01,0.88,18.097,314.0,1.6
0.04,0.84,13.068,311.23,1.4
-0.01,0.96,15.329,113.69,0.6
-0.05,0.91,12.144,265.53,1.5
0.3,0.89,8.349,305.43,0.7
-0.02,0.92,1.493,103.41,0.8
0.24,0.46,14.514,288.74,0.6
0.01,0.54,7.237,296.57,0.7
0.3,0.85,9.878,112.91,0.5
-0.01,0.95,15.707,112.98,1.5
0.34,0.92,10.48,314.09,0.9
-0.03,0.89,13.544,103.7,0.5
0.0,0.89,16.33,287.7,1.0
0.27,0.89,6.173,116.97,1.1
0.04,0.52,8.716,301.55,0.9
-0.01,0.93,12.706,313.4,0.8
0.0,0.8,12.994,300.91,1.4
0.28,0.92,7.505,294.62,0.9
0.35,0.47,6.693,106.64,1.9
-0.03,0.97,13.382,307.6,0.8
-0.06,0.56,3.995,308.27,1.6
0.3,0.94,0.494,290.36,0.8
0.06,0.85,2.671,274.34,1.0
0.26,0.89,1.965,303.76,1.2
0.29,0.79,10.776,112.09,1.7
0.05,0.43,15.672,101.94,1.7
0.34,0.4,9.887,289.13,1.3
-0.02,0.5,18.443,319.4,1.5
0.01,0.89,18.669,301.26,1.2
0.01,0.48,12.716,145.59,0.5
0.3,0.95,8.997,120.02,1.5
0.31,0.59,14.754,125.46,0.9
0.02,0.55,2.933,291.11,1.2
0.3,0.87,8.298,301.7,1.9
0.02,0.93,0.74,305.65,2.0
0.03,0.92,0.399,285.72,0.7
0.33,0.43,0.522,101.55,1.1
-0.02,0.48,1.021,114.68,0.7
-0.02,0.92,0.38,288.8,1.3
0.36,0.88,8.203,302.9,0.8
0.27,0.97,5.556,309.85,1.2
0.33,0.42,18.722,121.65,1.3
0.03,0.46,9.831,116.38,2.0
0.29,0.87,4.772,109.98,0.6
0.02,0.43,5.576,295.41,1.9
0.23,0.52,4.351,119.85,1.5
0.01,0.52,5.117,291.33,1.2
0.32,0.58,19.7,293.88,1.6
-0.03,0.46,0.949,114.45,1.1
-0.04,0.49,16.734,305.44,1.4
0.05,0.87,16.586,288.27,1.3
0.32,0.93,16.399,121.86,0.6
0.31,0.87,6.375,114.12,1.9
0.32,0.54,3.241,118.77,1.6
-0.03,0.48,15.653,110.85,1.3
-0.01,0.95,18.254,316.53,1.4
-0.0,0.98,12.971,288.2,0.6
0.02,0.46,17.332,293.05,0.8
0.28,0.93,12.488,305.04,0.9
-0.0,0.77,13.148,135.0,1.4
0.02,0.52,16.188,318.02,0.7
-0.01,0.89,19.894,132.64,1.0
0.34,0.54,7.742,302.04,1.5
0.28,1.02,13.45,140.71,1.3
0.3,0.94,12.753,311.55,1.3
0.34,0.82,6.557,289.04,1.0
0.29,0.87,7.304,258.39,1.9
0.28,0.48,4.769,281.26,1.5
0.31,0.91,11.381,292.86,1.3
0.06,0.5,18.037,97.7,0.6
0.29,0.52,14.237,119.6,0.6
0.03,1.01,12.0,130.42,1.0
-0.03,0.4,3.616,269.01,1.5
-0.04,0.49,18.11,108.44,1.2
0.33,0.91,0.551,291.61,1.8
0.32,0.5,1.016,114.63,0.7
0.29,0.47,1.926,287.95,2.0
-0.03,0.53,0.245,112.86,1.5
0.29,0.86,4.104,308.79,1.4
0.32,0.88,12.619,106.32,0.6
-0.0,0.88,17.709,309.68,0.8
0.33,0.92,17.363,117.74,1.6
0.3,0.49,2.679,104.96,0.5
0.31,0.51,12.784,296.32,1.7
0.06,0.44,12.963,110.16,0.5
-0.01,0.96,0.787,113.05,0.9
0.34,0.93,4.531,297.34,1.3
0.01,0.88,13.495,316.09,1.8
0.01,0.91,6.785,309.69,0.8
-0.01,0.58,13.594,284.61,0.5
0.03,0.84,18.479,114.43,1.7
0.31,0.54,16.7,308.47,1.0
-0.01,0.88,4.255,113.63,0.7
-0.02,0.44,11.994,113.75,0.7
0.02,0.88,19.618,307.18,1.1
0.31,1.03,19.115,106.94,1.0
0.31,0.94,11.642,291.12,1.3
0.04,0.5,7.183,114.88,2.0
0.28,0.84,17.875,283.25,0.7
0.33,0.95,4.381,302.56,0.5
0.29,0.88,5.219,303.81,1.6
0.33,0.55,0.889,276.21,1.4
0.32,0.5,8.424,294.53,0.5
0.26,0.53,3.961,303.53,1.7
-0.02,0.9,3.074,119.03,1.8
0.31,0.45,15.109,317.4,1.6
0.02,0.87,11.507,120.63,0.6
0.36,0.46,3.373,110.08,1.6
0.32,0.98,2.743,301.24,1.9
-0.05,0.51,7.737,103.92,1.8
0.01,0.89,5.451,124.48,0.9
0.29,0.55,17.019,296.98,1.2
0.28,0.89,10.801,138.6,1.9
0.0,0.56,15.688,295.97,0.7
0.03,0.5,19.968,275.84,1.3
0.25,0.86,12.464,290.96,1.6
0.28,0.94,4.079,139.68,0.7
-0.04,0.87,6.304,117.52,1.3
0.04,0.89,10.067,125.8,1.1
0.34,0.88,3.653,315.97,1.5
0.27,0.41,12.626,283.44,0.6
-0.0,0.56,5.246,123.55,0.5
0.31,0.48,11.678,305.95,0.7
0.05,0.9,10.417,313.9,1.5
0.28,0.92,7.016,313.67,1.0
0.35,0.47,18.964,307.84,1.6
0.01,0.93,12.901,102.6,0.8
0.02,0.48,1.333,138.52,1.7
0.29,0.92,1.49,265.31,1.0
-0.02,0.59,0.105,302.11,1.2
0.36,0.46,12.287,288.97,1.3
0.04,0.95,11.645,110.15,1.7
0.27,0.59,13.223,124.36,1.9
0.01,0.89,17.842,107.91,1.8
0.29,0.38,10.86,132.05,1.0
0.01,0.91,5.113,277.64,0.5
0.01,0.95,19.315,312.92,0.8
0.05,0.45,11.264,105.1,1.2
0.21,0.55,2.198,102.42,0.9
0.26,0.91,12.859,300.53,0.8
0.32,0.43,1.05,309.3,0.7
-0.01,0.52,19.711,142.98,1.4
-0.01,0.97,8.121,110.43,0.8
0.26,0.46,3.018,126.11,0.6
0.31,0.93,9.152,103.63,1.4
0.04,0.64,9.602,281.74,1.1
-0.02,0.99,4.997,125.62,0.8
0.02,0.91,0.398,111.67,0.5
0.33,0.9,16.912,305.09,1.9
0.32,0.44,15.639,110.47,1.9
-0.01,0.52,10.476,105.04,1.1
0.33,0.45,7.84,316.68,1.5
0.33,0.54,10.859,301.65,2.0
-0.03,0.9,18.467,301.68,1.5
0.07,0.88,5.363,306.26,1.1
-0.03,0.49,8.683,122.61,1.4
0.3,0.92,12.566,99.09,1.6
0.04,0.54,11.028,131.77,0.7
-0.03,0.55,16.778,115.06,0.6
0.29,0.51,1.817,302.97,0.6
0.0,0.5,8.806,306.05,1.3
-0.01,0.46,7.524,294.62,1.5
0.34,0.45,19.234,138.48,0.8
0.28,0.79,2.857,297.92,1.0
0.29,0.85,11.78,139.27,1.5
0.01,0.93,12.376,303.82,0.5
0.3,0.51,7.33,301.72,1.8
0.02,0.43,11.913,105.27,0.8
0.32,0.48,9.138,297.31,1.0
-0.01,0.87,8.855,300.39,0.6
0.01,0.43,7.593,134.11,1.6
0.33,0.9,13.566,114.56,1.9
0.33,0.99,2.754,280.75,1.9
0.32,0.91,13.314,297.11,1.4
-0.03,0.88,17.011,294.67,1.5
-0.03,0.84,3.365,134.33,0.7
0.25,0.92,19.523,298.8,0.7
-0.02,0.92,1.631,299.32,0.7
0.33,0.45,2.423,298.82,1.2
-0.02,0.52,10.196,313.57,1.3
0.28,0.47,4.326,275.21,1.3
0.03,0.4,14.852,128.94,1.3
0.31,0.49,2.967,288.42,1.4
0.29,0.58,5.562,303.54,0.6
0.04,0.88,8.801,109.54,1.6
0.28,0.56,14.835,121.51,1.9
0.03,0.53,13.099,293.23,1.5
0.0,0.46,1.671,114.37,1.7
-0.02,1.02,6.441,292.39,1.5
0.27,0.83,5.154,291.43,0.8
0.03,0.85,8.736,101.18,1.0
0.31,0.81,2.971,300.61,0.8
0.03,0.53,10.717,289.71,1.8
0.26,0.91,5.395,110.01,0.9
0.02,0.87,0.926,108.48,1.6
0.25,0.96,16.327,294.78,0.5
-0.02,0.93,1.339,314.45,0.7
0.02,0.91,12.947,287.37,0.9
-0.04,0.49,18.033,285.6,1.4
0.32,0.47,1.184,275.26,1.0
0.3,0.47,0.802,117.96,0.9
-0.02,0.83,16.767,102.59,0.9
0.25,0.98,10.517,305.03,0.6
0.02,0.9,15.79,137.15,1.0
-0.01,0.59,0.698,316.36,0.7
0.03,0.46,19.885,289.03,1.3
-0.01,0.46,15.918,147.2,0.7
0.02,0.46,0.796,307.53,1.4
0.26,0.88,3.551,109.16,0.7
0.32,0.58,13.66,107.66,1.6
0.28,0.47,19.992,118.46,1.6
0.31,0.41,19.838,117.96,1.9
-0.01,0.46,10.925,300.56,1.8
0.02,0.49,16.651,284.25,1.5
0.32,0.9,18.391,312.86,0.9
0.05,0.96,5.775,127.24,1.1
-0.01,0.9,13.095,113.25,1.2
0.29,0.95,5.169,130.24,1.8
0.32,0.86,1.351,309.09,0.9
0.32,0.94,9.819,106.17,1.6
0.29,0.89,0.891,121.74,0.7
0.31,0.45,12.465,309.01,1.5
0.31,0.42,9.296,125.32,1.9
0.02,0.97,4.445,311.88,1.2
0.31,0.94,6.902,303.89,1.3
0.05,0.82,9.334,303.53,1.9
0.33,0.49,7.757,279.97,1.3
0.29,0.54,0.365,298.6,0.7
0.3,0.84,5.493,116.32,1.1
-0.04,0.85,2.263,112.49,1.4
-0.01,0.5,7.02,121.78,0.7
-0.02,0.5,13.818,291.17,0.7
0.26,0.46,11.442,106.33,1.5
0.28,0.57,16.842,125.49,1.8
0.01,1.01,14.517,107.56,1.6
0.27,0.88,15.605,303.39,1.8
-0.02,0.9,10.391,117.25,0.8
0.23,0.86,16.62,302.7,2.0
-0.04,0.44,12.718,302.56,1.2
0.02,1.01,17.586,308.52,0.7
0.01,0.92,17.444,121.44,0.9
-0.01,0.91,17.2,290.45,1.0
0.32,0.42,2.228,275.45,1.7
0.33,0.43,12.512,106.55,1.2
-0.0,0.4,3.849,298.77,0.6
0.31,0.5,17.545,310.7,0.8
-0.04,0.96,17.381,293.53,1.8
0.3,0.56,7.318,312.51,0.5
0.29,0.82,5.724,101.33,1.3
-0.03,0.54,0.532,303.1,1.9
0.01,0.47,15.511,111.66,0.9
-0.0,0.89,15.613,105.59,0.6
0.31,0.89,5.208,130.88,1.6
0.04,0.48,7.986,107.82,1.7
0.05,0.95,18.32,307.24,1.7
0.05,0.87,16.013,305.5,1.8
0.31,0.89,11.0,93.95,1.5
0.3,0.94,6.369,117.91,0.6
0.34,0.45,8.486,115.14,1.2
0.32,0.88,6.288,308.69,0.6
0.02,0.87,3.046,312.38,0.6
0.3,0.54,19.132,303.53,1.4
0.01,0.53,13.896,299.02,1.9
0.36,0.89,18.259,311.38,2.0
-0.04,0.48,16.34,290.16,1.5
0.29,0.55,6.821,308.85,1.6
-0.02,0.89,19.795,120.54,0.7
0.34,0.52,10.481,130.08,0.9
0.04,0.53,14.565,111.22,1.8
0.36,0.85,17.654,278.5,0.9
0.33,0.49,2.468,111.15,0.7
0.29,0.85,12.428,290.56,1.8
0.29,0.91,8.388,299.44,1.1
-0.01,0.5,3.758,281.92,0.9
0.26,0.53,3.726,131.59,1.7
0.07,0.95,3.158,113.91,1.2
0.33,0.89,11.34,122.09,1.5
0.01,0.52,8.318,105.79,1.4
0.27,0.53,0.221,111.08,1.9
0.26,0.6,16.296,305.1,0.6
0.02,0.47,10.051,125.07,0.7
-0.02,0.53,5.174,308.26,1.0
0.34,0.8,14.698,111.02,1.1
-0.0,0.96,11.17,314.2,1.4
0.33,0.44,13.801,308.28,0.8
0.01,1.0,10.442,113.64,1.8
-0.01,0.5,0.935,136.83,1.0
0.33,0.58,17.395,120.56,1.4
0.32,0.84,5.558,140.99,0.7
0.33,0.95,6.107,112.53,1.4
-0.03,0.55,14.052,114.52,0.6
0.33,0.43,2.682,94.0,0.6
-0.02,0.97,11.127,106.54,1.0
0.31,0.92,5.726,109.97,0.6
0.28,0.93,12.542,110.01,1.3
-0.01,0.92,4.622,294.12,1.1
0.33,0.91,3.506,116.35,1.6
0.34,0.92,15.576,303.21,1.4
0.06,0.46,19.112,123.6,1.2
-0.0,0.57,10.206,310.16,0.7
0.04,0.77,15.092,132.41,0.6
0.28,0.53,18.951,106.68,1.8
0.01,0.86,19.895,319.32,0.9
-0.01,0.93,6.256,303.78,1.0
0.32,0.46,15.079,278.09,1.2
0.25,0.63,19.692,306.51,1.9
-0.03,0.44,7.357,310.74,0.9
0.04,0.82,12.872,115.34,1.4
-0.02,0.9,0.7,115.86,1.0
0.28,0.92,6.14,308.7,0.8
0.31,0.92,12.123,119.47,1.0
0.31,0.45,19.022,116.13,0.6
-0.02,0.86,9.296,112.38,1.0
0.0,1.01,1.769,102.28,1.1
0.32,0.97,13.114,300.47,1.2
0.33,0.44,3.172,102.94,1.0
0.26,0.52,18.877,283.21,1.5
-0.01,0.53,13.03,308.62,2.0
0.33,0.47,13.753,123.2,1.8
0.28,0.85,7.111,297.32,1.9
0.29,0.52,10.619,302.27,0.6
-0.01,0.52,1.387,299.48,1.5
0.3,0.9,10.135,306.06,1.2
0.3,0.91,13.429,119.5,1.5
0.28,0.48,10.123,309.58,0.8
0.32,0.46,10.067,297.9,0.7
-0.02,0.89,5.871,114.36,1.4
0.01,0.54,6.419,297.23,1.3
-0.01,0.47,16.093,118.73,1.4
0.27,0.56,4.417,104.99,2.0
0.02,0.9,18.639,113.45,0.6
-0.05,0.6,11.841,315.52,0.6
-0.01,0.81,17.875,129.6,0.8
0.3,0.85,10.244,115.78,1.7
0.31,0.54,18.672,122.05,0.6
0.01,0.9,6.72,119.66,0.9
0.36,0.58,9.504,126.46,0.7
-0.02,0.41,7.091,111.06,1.2
-0.01,0.48,8.658,309.28,0.8
-0.03,0.56,9.324,301.64,1.9
0.31,0.96,6.797,118.16,1.7
0.32,0.88,2.444,312.75,0.7
-0.02,0.93,18.821,308.03,0.8
-0.03,0.85,11.286,303.99,1.3
-0.02,0.54,4.413,112.7,0.5
0.31,0.53,11.983,304.21,1.9
0.32,0.48,14.919,289.28,1.5
0.03,0.52,0.822,110.94,1.1
0.3,0.95,6.803,113.9,1.5
0.03,0.89,7.185,114.22,1.9
0.28,0.59,4.195,282.36,2.0
0.28,0.46,2.002,270.33,1.9
0.32,0.9,9.886,121.38,1.5
0.26,0.48,1.379,108.34,0.8
-0.02,0.93,9.979,100.0,1.9
0.05,0.43,6.388,128.28,1.4
0.35,0.43,2582.712,13051.42,32.7
0.28,0.48,796.955,11536.23,43.4
0.02,0.96,199.497,13812.85,27.9
0.02,0.53,2944.794,12747.32,48.3
-0.0,0.46,1857.494,36868.51,27.6
0.34,0.83,2603.437,35756.61,24.1
0.3,0.89,458.7,11918.62,38.4
0.27,0.48,2355.127,34553.69,37.2
0.03,0.97,609.555,14005.91,20.8
0.27,0.94,1098.62,14299.37,54.3
0.29,0.89,2103.429,36065.2,45.0
0.28,0.88,1693.334,10819.82,58.8
-0.01,0.52,2061.882,11795.76,62.3
0.02,1.02,872.454,14435.35,49.2
0.32,0.54,178.271,13355.16,50.3
-0.02,0.94,2597.363,14565.16,20.5
0.35,0.57,2614.508,11855.79,32.3
0.05,0.48,943.033,14809.45,47.6
0.02,0.48,2910.681,35046.54,22.4
0.26,0.48,497.925,36689.03,19.2
0.04,0.88,2315.892,36567.37,59.2
0.31,0.92,577.101,12199.41,28.9
0.32,0.55,2740.643,36421.36,57.6
0.28,0.49,467.597,13222.12,28.9
0.26,0.53,2970.27,36336.34,60.0
-0.04,0.45,1937.562,35935.51,25.4
0.32,0.92,2936.06,13271.69,32.4
0.0,0.83,303.305,37413.61,42.4
0.31,0.94,1461.923,13458.0,22.5
0.0,0.81,1655.769,33726.37,51.8
0.25,0.9,239.488,34395.31,57.2
0.34,0.98,1953.159,35695.12,57.2
0.02,0.92,2072.941,11382.3,63.5
0.33,0.51,2321.806,37751.14,44.9
0.3,0.98,1136.821,33209.55,17.3
0.33,0.91,716.719,36391.1,52.8
0.03,0.92,1072.94,10914.11,49.5
0.01,0.45,422.709,35497.12,28.2
0.01,0.94,2506.245,35576.79,27.6
0.3,0.91,2632.583,33827.36,38.2
0.33,0.95,2037.41,35273.32,45.1
0.0,0.47,2506.825,34078.29,61.2
0.3,0.88,2721.113,35915.02,63.2
0.34,0.42,1214.813,16100.81,41.0
0.31,0.97,762.796,34378.28,56.8
0.28,0.47,1414.798,13091.3,56.7
-0.01,0.52,139.176,11277.3,37.2
0.33,0.85,1779.684,37224.81,24.8
-0.04,0.93,1856.022,35006.4,27.7
0.33,0.52,1579.939,14490.86,49.6
-0.03,0.5,2191.725,13891.19,63.3
0.01,0.89,613.853,15454.14,62.4
0.01,0.95,273.629,37644.49,48.7
0.02,0.49,966.235,13053.13,40.9
0.01,0.85,929.855,36743.59,55.4
0.28,0.95,2452.913,11697.3,63.4
0.31,0.48,1419.883,13093.46,44.7
0.32,0.56,793.013,34867.48,57.4
-0.03,0.45,1980.614,11717.15,51.4
0.01,0.85,2476.898,36254.01,42.1
0.35,0.87,364.787,15386.9,58.6
0.02,0.81,579.38,33673.75,40.5
0.03,0.56,1943.677,11321.04,22.6
0.06,0.94,2626.762,36022.64,31.5
0.3,0.88,978.595,35464.68,21.5
0.24,0.46,2677.965,35591.49,31.9
0.33,0.53,1209.849,37504.91,57.8
0.28,0.5,1255.283,19648.63,56.9
0.0,0.89,529.054,11545.78,50.8
0.08,0.96,1319.432,13211.3,26.6
0.3,0.47,2076.878,10811.39,19.2
-0.03,0.82,1103.543,35887.56,17.7
0.34,0.94,2755.251,32283.18,25.3
-0.03,0.87,121.9,36713.51,48.0
0.04,0.99,1215.452,12322.62,18.9
0.04,0.44,898.367,12616.76,62.9
-0.05,0.51,600.309,35900.28,45.2
0.33,0.47,1853.442,13413.22,41.5
0.28,0.95,1151.487,34134.5,46.8
-0.02,0.97,2898.798,13086.4,25.3
0.31,0.91,584.448,13053.56,44.7
0.32,0.46,123.774,13144.02,38.1
0.32,0.99,1820.425,35070.63,33.3
0.29,0.92,1660.695,12935.68,62.9
0.03,0.66,2262.194,11950.68,25.9
0.3,0.88,261.602,34949.32,37.8
0.29,0.4,1550.117,14872.48,32.0
0.33,0.48,675.626,12099.19,59.9
0.29,0.93,1603.219,34947.72,62.1
-0.0,0.86,1076.179,12884.46,53.3
0.0,0.87,2399.598,34735.15,62.8
0.04,0.49,1186.921,11503.89,36.6
0.35,0.51,1657.524,12037.8,45.0
0.01,0.86,1353.346,11948.01,58.6
0.34,0.96,1341.933,34222.94,36.8
0.01,0.87,639.929,13218.99,25.1
0.31,0.93,1059.128,37801.97,59.7
0.3,0.98,2193.596,33920.93,62.7
0.03,0.91,395.622,36003.01,40.1
-0.02,0.88,2507.288,12504.75,43.2
-0.05,0.52,531.747,36699.99,22.0
0.0,0.4,1685.996,11758.37,54.9
-0.01,0.95,2110.162,11491.09,52.8
0.31,0.88,182.992,33500.32,59.5
0.33,0.91,318.634,34767.32,57.3
0.27,0.84,1683.76,13823.01,55.5
0.03,0.5,2481.094,37455.26,26.7
0.07,0.94,1368.186,36996.62,58.4
0.32,0.59,376.499,37725.07,60.8
0.09,0.86,1751.252,36232.54,16.7
0.02,0.48,1552.112,12988.99,24.3
-0.05,0.83,1974.87,12965.6,42.6
0.34,0.42,1264.298,12846.14,58.7
0.04,0.93,1950.681,14022.9,56.1
0.27,0.43,2221.227,13579.2,47.1
0.34,0.56,2391.183,34615.99,42.1
0.02,0.88,2348.859,13902.29,54.0
0.3,0.59,1716.223,36879.81,59.1
0.02,0.51,691.012,37949.4,60.7
0.02,0.58,1232.524,36030.52,39.1
0.32,0.9,1539.881,12888.59,18.7
-0.03,0.89,1146.693,32468.67,22.4
0.02,0.5,1294.035,36759.45,36.5
-0.02,0.93,171.759,37411.19,21.1
0.04,0.48,2618.314,15659.2,37.0
0.33,0.55,2060.693,11317.51,42.5
0.27,0.55,188.78,15824.98,58.0
0.32,0.93,733.784,14815.08,43.6
0.33,0.47,412.289,35531.06,27.4
0.0,0.53,412.059,33295.45,27.7
0.01,0.48,2115.19,37361.77,56.2
0.03,0.81,1789.359,34756.01,54.7
-0.02,0.44,2413.266,37618.72,54.6
0.34,0.97,2491.827,36339.66,16.9
0.32,0.49,1756.312,13079.61,24.5
0.34,0.48,1103.981,36293.58,24.7
0.01,0.5,199.214,36062.02,28.6
0.31,0.51,2148.746,37785.21,38.5
0.05,0.63,2437.936,12011.89,26.4
0.0,0.94,1359.196,35990.42,31.6
0.0,0.52,1576.643,11504.72,56.9
-0.03,0.54,170.524,15691.08,17.6
0.34,0.9,1784.472,35890.43,29.9
0.01,0.98,110.168,35138.78,22.5
0.01,0.51,176.35,15182.93,51.9
0.31,0.92,1086.833,38065.97,27.3
0.29,0.55,2619.333,14749.82,29.7
0.04,0.89,2425.398,12354.11,58.8
0.33,0.54,237.904,13705.83,39.5
0.01,0.99,2708.43,33400.07,56.6
0.31,0.94,993.456,13225.45,23.6
-0.02,0.49,696.212,34361.41,32.1
-0.03,0.89,1213.67,13045.59,42.0
-0.01,0.49,2759.391,14710.04,40.0
0.29,0.94,283.694,14121.19,25.8
0.34,0.89,2176.63,13190.3,42.5
-0.01,0.85,2670.245,32409.4,53.0
-0.02,0.83,702.875,34447.85,50.3
-0.0,0.86,2595.777,13311.48,51.4
-0.01,0.79,615.559,15273.94,18.4
0.29,0.45,1415.377,15414.49,25.9
0.3,0.88,473.937,35132.02,34.4
0.28,0.51,1064.902,12002.4,16.1
0.32,0.49,1744.273,11397.95,19.7
0.35,1.03,2442.145,15149.03,54.2
0.34,0.54,1041.533,12402.07,49.1
-0.01,0.82,332.532,12645.33,59.0
0.31,0.97,935.915,36651.09,52.9
0.05,0.88,2079.85,12844.5,34.0
0.33,0.53,2818.045,11154.18,19.2
0.07,0.88,431.231,36143.01,51.4
0.24,0.92,2686.692,33469.42,33.5
0.32,0.45,888.121,12060.38,37.6
0.31,0.94,1543.094,12362.58,49.3
0.36,0.88,2614.044,11421.76,30.1
0.34,0.97,780.455,33721.67,59.0
0.0,0.52,544.238,36093.08,42.2
0.29,0.94,1379.862,35398.95,30.7
-0.0,0.49,1820.912,35424.01,49.1
-0.01,0.48,2386.723,37231.22,59.1
0.05,0.51,1224.819,36741.41,56.2
0.03,0.49,2052.448,12707.67,51.9
0.02,0.87,2397.413,36412.02,21.3
0.03,0.51,2788.716,35766.2,38.9
0.3,0.88,1016.868,14197.92,55.7
-0.04,0.5,1477.384,13113.55,41.6
0.25,0.55,1105.759,12833.63,60.0
0.27,0.47,2397.258,13554.19,44.9
-0.02,0.52,1425.313,13042.1,62.7
0.23,0.45,1788.576,12038.06,49.8
0.32,1.01,1127.454,36548.89,46.8
0.0,0.46,1931.721,36058.91,59.7
0.34,0.46,581.305,35538.68,60.2
0.3,0.55,248.842,35176.83,34.1
0.33,0.84,2556.604,36309.84,22.3
0.01,0.57,1990.296,15439.31,41.0
0.27,0.46,867.062,36264.48,51.4
0.01,0.43,2417.687,36570.62,28.7
0.07,0.91,1439.896,35325.69,33.7
0.33,0.49,311.429,11381.07,34.0
0.27,0.52,689.778,11181.66,60.3
0.05,0.48,1685.59,14430.07,58.7
0.01,0.89,1578.822,36809.11,19.8
0.33,0.53,2292.323,34173.04,44.8
-0.0,0.88,2418.227,15427.4,17.1
-0.01,0.51,292.484,33777.61,63.3
0.3,1.0,1330.639,13102.42,48.8
0.01,0.41,1516.246,36343.49,61.2
0.04,0.85,591.048,35757.18,30.3
0.34,0.45,1722.136,15120.05,23.7
0.29,0.4,2788.444,36677.96,57.2
-0.0,0.45,1660.298,12701.17,25.7
0.31,0.46,1498.211,15003.94,61.4
0.03,0.46,527.433,12072.1,42.7
0.07,0.59,2450.027,34689.37,37.8
0.01,0.49,2261.143,11270.12,29.6
-0.02,0.48,896.941,13837.71,56.3
0.31,0.92,2286.828,35120.54,27.3
0.32,0.87,729.023,12804.38,61.2
-0.05,0.47,2310.95,35309.79,32.9
0.32,0.89,2584.407,12506.6,34.3
0.03,0.51,211.503,14622.67,27.5
0.01,0.55,1651.854,33323.3,26.8
0.31,0.48,1706.178,34486.99,40.9
-0.01,0.91,2156.804,12333.11,18.6
0.02,0.53,1264.398,35434.43,42.1
0.35,1.03,2649.826,13121.76,55.1
0.31,0.92,2747.444,11495.51,23.1
0.31,0.83,868.108,13571.87,59.2
0.29,0.95,1948.35,13979.91,52.8
-0.01,0.83,1288.638,14033.65,52.1
0.3,0.54,1144.428,12826.08,27.6
0.27,0.93,2379.266,12531.23,52.0
0.32,0.53,946.363,14088.21,21.6
0.26,0.99,2138.142,37563.29,58.0
0.33,0.56,2004.181,31686.84,50.4
0.29,0.89,508.435,34297.02,48.0
0.26,0.87,1297.835,34979.76,40.7
0.0,0.5,525.562,36595.9,59.7
0.04,0.59,2778.465,11888.04,20.2
0.31,0.9,339.027,36303.56,46.0
0.0,0.97,2243.058,35346.03,57.6
0.25,0.42,867.033,36343.06,29.4
-0.03,0.82,882.756,14728.46,24.7
0.27,0.55,2720.231,12059.27,52.1
0.29,0.87,1489.124,11424.27,27.9
-0.04,0.48,1983.163,12619.54,34.9
0.32,0.45,1497.042,35983.16,63.7
-0.03,0.99,2335.711,34848.47,25.8
0.34,0.82,2626.952,35996.35,45.9
0.01,0.92,975.017,12978.67,61.8
0.34,0.52,2669.951,36640.45,38.7
0.29,0.47,2277.466,35156.09,23.7
0.3,0.81,312.28,37094.04,62.0
-0.01,1.0,596.724,12111.07,20.4
-0.03,0.6,2520.47,15209.95,32.3
0.31,0.56,1375.796,36515.53,30.7
0.35,0.57,317.082,36360.08,48.4
0.02,0.9,1278.227,36900.53,21.6
0.01,0.4,2292.142,36240.95,24.3
0.02,0.47,968.008,33902.32,52.1
-0.04,0.78,2616.632,36588.65,56.6
0.03,0.54,1984.549,12280.13,62.4
0.03,0.52,2108.571,35430.85,56.6
-0.01,0.68,269.843,13084.9,64.0
0.0,0.88,2837.788,12831.48,59.9
-0.01,0.99,506.658,12762.78,44.0
0.01,0.45,943.889,15161.64,45.9
0.31,0.97,2681.262,34548.26,22.1
0.02,0.59,1043.792,11383.41,34.3
0.27,0.5,2599.187,13188.54,45.2
0.02,0.9,173.444,34820.9,51.7
0.32,0.92,500.826,35723.87,25.6
0.3,0.82,1302.957,11559.93,17.9
0.3,0.59,1671.491,35638.94,29.8
0.33,0.84,1379.321,34916.63,39.3
-0.0,0.95,2803.822,33697.07,17.1
0.01,0.56,2587.065,13477.26,52.1
-0.03,0.92,2472.903,34681.6,18.8
0.04,1.0,2996.077,12583.21,61.1
0.03,0.97,2460.997,36340.94,33.1
0.04,0.5,1377.132,36801.11,17.8
-0.03,0.95,1810.141,14119.54,48.9
0.02,0.96,2277.918,13224.65,53.2
-0.01,0.95,1030.637,14931.09,22.9
0.33,0.44,1433.145,16478.15,59.2
0.0,0.89,1056.423,12237.12,16.2
0.04,0.5,2583.731,35051.07,17.0
0.32,0.95,1591.03,35405.08,24.6
0.29,0.96,1593.741,10117.72,24.8
-0.0,0.69,2542.649,13929.29,32.5
-0.02,0.85,952.906,34412.57,22.3
0.04,0.92,390.629,36441.66,46.2
-0.03,0.94,372.572,13242.09,25.4
0.01,0.88,208.999,35680.62,63.8
0.02,0.83,294.307,33088.67,54.6
-0.0,0.96,212.501,12564.82,50.2
-0.03,0.93,403.901,14724.34,51.9
0.02,0.43,1274.106,13239.29,19.8
0.03,0.91,2323.381,12161.09,48.5
-0.02,0.47,1990.5,33667.02,22.9
0.3,0.47,2664.787,12173.22,63.5
0.02,0.56,2199.033,35965.94,34.7
0.28,0.45,2872.707,36684.74,17.5
-0.01,0.86,1553.904,35012.47,28.0
0.33,0.56,2349.098,34545.16,18.5
0.01,0.9,1582.739,37005.32,17.6
0.31,0.92,511.298,35507.42,60.1
0.04,0.53,1628.048,32473.38,58.0
0.28,0.95,1292.093,12101.25,32.9
0.01,0.85,752.274,12057.55,50.9
-0.03,0.93,2057.47,12397.16,24.0
0.01,0.9,2751.439,36461.6,23.3
0.31,0.89,1422.868,15459.13,47.0
0.32,0.51,1079.293,13283.01,22.0
0.01,0.54,186.022,36166.04,50.6
0.02,0.94,2123.018,13080.82,32.6
0.06,0.91,1340.223,36524.99,22.4
0.33,0.48,2537.159,13461.36,51.7
0.32,0.57,258.843,15294.77,32.7
0.04,0.52,1892.785,12327.06,59.3
0.3,0.83,1338.92,11241.26,52.4
-0.01,1.0,1273.027,15299.33,32.7
0.35,0.54,1279.388,12165.07,17.9
0.05,0.95,2210.933,35683.8,31.8
0.28,0.52,2610.9,11763.59,63.7
0.02,0.49,2257.548,14640.99,37.4
0.27,0.9,2903.799,14924.6,17.9
0.33,0.44,2661.599,12822.73,46.6
0.35,0.55,987.169,36899.98,35.6
0.33,0.49,2092.382,36853.92,20.5
0.27,0.94,2543.453,36491.32,28.0
0.01,0.53,2706.889,36897.23,50.0
-0.02,0.92,838.207,36405.87,52.4
0.32,0.87,2984.746,35572.76,52.3
-0.02,0.49,673.766,11506.25,21.8
0.33,0.98,197.073,35666.45,35.9
0.25,0.98,2835.634,34996.93,58.5
0.01,0.53,1099.706,14881.43,30.1
0.25,0.47,2216.519,36062.19,17.0
0.27,0.96,2274.207,11636.14,56.8
0.33,0.84,340.772,35745.28,22.6
-0.01,0.92,1318.671,14425.93,37.6
0.04,0.8,175.069,35319.6,26.4
0.31,0.45,2548.668,33010.81,55.2
0.3,0.89,2201.113,34728.07,28.8
0.26,0.5,376.91,36496.41,57.7
0.07,0.9,992.971,12544.94,30.9
0.31,0.49,1476.659,35949.34,54.7
0.33,0.88,303.207,12743.49,50.4
-0.01,0.85,1425.814,13014.68,37.5
-0.02,0.47,748.616,36158.44,51.1
0.35,0.53,797.097,37593.18,36.3
0.29,0.62,2942.333,13355.95,21.3
0.0,0.49,1286.462,37275.04,42.8
0.29,0.85,578.228,12741.44,19.5
0.24,0.98,2221.524,36281.52,26.4
0.3,0.91,625.832,36162.51,44.8
0.11,0.43,1619.412,35455.86,42.3
0.29,0.86,503.239,13196.56,19.3
0.24,0.8,2324.873,13999.31,64.0
-0.02,0.9,977.031,15444.57,33.7
0.32,0.4,2562.477,15484.69,54.5
0.33,0.87,2434.043,34658.76,33.2
0.06,0.82,1143.509,35647.06,18.9
-0.01,0.5,1056.276,11561.84,40.0
0.01,0.99,2695.417,12304.77,60.1
0.04,0.41,437.435,13607.83,62.8
0.29,0.44,804.15,12977.73,41.3
0.3,0.89,452.297,36622.44,25.2
0.01,0.86,864.646,13735.84,43.5
0.02,0.47,997.21,37823.16,29.9
0.2,0.83,421.031,14694.47,21.8
0.29,0.88,1208.005,35215.6,54.0
0.33,0.9,1395.633,36709.69,47.2
0.0,0.51,884.133,13028.39,59.6
0.28,0.9,1335.781,15267.46,50.7
0.3,0.92,1879.442,35993.31,29.5
0.03,0.56,892.152,10887.62,41.2
0.3,0.92,994.291,36808.65,20.5
0.3,0.94,2417.351,36200.16,31.0
0.34,0.45,1513.132,36598.8,28.5
-0.03,0.52,929.641,35693.84,47.7
0.34,0.56,1218.313,11900.21,28.4
-0.02,0.87,1943.923,36551.77,56.3
0.03,0.6,367.571,36447.24,51.1
0.3,0.89,1537.635,13343.42,63.3
0.01,0.9,2152.182,34641.56,31.2
0.01,0.42,2505.881,37813.47,34.5
-0.01,0.66,1025.931,12969.07,35.1
0.29,0.54,1768.143,13764.49,33.9
0.06,0.95,1379.81,38236.07,30.5
0.3,0.88,1624.048,35351.89,40.0
0.01,0.53,2193.328,35934.6,46.6
0.24,0.92,188.836,35864.39,34.8
0.04,0.95,1906.861,14291.37,33.6
0.3,0.89,1707.245,13226.15,25.4
0.29,0.5,1153.797,15227.4,55.5
-0.0,0.9,2024.975,13137.02,61.3
-0.0,0.89,176.241,37225.19,31.9
-0.01,0.47,5364.352,1109666.36,352.2
0.02,0.42,7012.867,572567.62,252.3
0.34,0.46,9898.823,1203773.0,326.6
-0.03,0.44,7236.032,490859.28,502.6
0.01,1.0,7586.026,498284.78,181.1
0.31,0.93,8145.184,1222295.52,604.9
0.32,0.52,9352.34,1226235.33,910.5
0.01,0.53,8215.01,1213119.7,979.6
0.06,0.96,5360.82,1188234.41,919.2
0.06,0.46,5812.935,498993.37,755.3
0.27,0.51,5987.365,1258174.52,775.3
0.34,0.88,6295.177,495138.11,991.1
-0.01,0.43,9769.087,1216573.71,377.4
0.0,0.94,7028.793,1143881.4,506.3
-0.01,0.59,9391.115,1193511.99,359.8
0.05,0.54,9663.131,1263668.05,141.1
-0.04,0.51,5504.5,1240135.96,207.7
0.3,0.87,7539.543,444349.14,431.0
-0.01,0.51,9665.537,438541.18,225.4
0.02,0.5,5982.941,472612.22,162.0
0.34,0.83,9211.337,1211933.51,359.1
0.32,0.98,7167.325,488109.98,137.0
-0.02,0.95,8415.695,1223677.78,284.1
-0.05,0.47,6872.346,500711.81,193.1
0.02,0.55,9273.059,397615.51,625.5
-0.02,0.48,9129.416,1226072.12,492.9
0.29,0.44,9430.213,431877.73,1007.0
0.28,0.49,8532.338,482695.88,502.4
0.33,0.49,5965.939,500807.92,361.5
0.0,0.88,9318.246,1232393.58,801.9
0.33,0.55,5482.624,1222909.38,488.2
0.05,0.46,7151.365,509242.13,668.6
-0.04,0.6,9653.196,1230593.69,267.9
0.04,0.9,5492.681,1160416.29,465.7
0.02,0.93,6525.366,552801.02,151.7
0.05,0.89,9095.104,1216228.64,806.7
0.03,0.42,5545.059,1227510.39,502.6
0.28,0.99,8490.869,1206923.36,859.2
0.0,0.85,5540.416,1215954.27,410.7
-0.0,0.59,7398.064,1209509.21,643.3
-0.03,0.57,6444.421,503064.98,477.3
0.33,0.53,7235.396,1210596.94,968.6
0.02,0.89,5615.708,475046.35,568.2
-0.01,0.45,5946.712,1203096.7,154.6
0.29,0.44,8991.561,518053.19,900.0
0.35,0.47,9870.096,1161687.79,343.3
-0.01,0.56,5487.55,452383.7,942.3
0.04,0.55,8114.812,532081.68,840.6
0.01,0.86,5221.016,1196963.99,725.5
0.23,0.94,8532.913,529901.97,251.1
0.33,0.9,7789.347,435352.3,946.0
0.02,0.57,7092.385,1203122.44,344.9
0.32,0.93,5011.043,403596.61,772.6
-0.01,0.88,5601.697,459180.6,873.8
0.28,0.61,9121.721,1233855.13,163.1
0.32,0.95,7984.685,469423.74,822.4
-0.03,0.9,6477.711,461236.39,348.0
-0.01,0.53,6339.571,446657.04,198.1
0.31,0.93,5255.534,1109406.32,1000.3
-0.01,0.88,5370.964,1226097.77,1022.1
0.01,0.95,6336.251,1237216.84,532.3
0.35,0.5,8717.857,1170968.34,708.6
-0.03,0.46,6344.608,1141269.46,681.8
0.3,0.99,5815.534,1174763.0,380.3
0.34,0.54,8811.277,1206218.75,483.2
0.04,0.91,8438.468,1185423.07,370.6
0.04,0.54,5318.467,1180297.49,211.4
0.29,0.51,9320.411,474567.95,247.6
0.3,0.49,5360.977,479110.26,295.1
0.04,0.52,7023.183,1231486.19,947.4
-0.04,0.51,5540.187,1184028.66,647.7
-0.05,0.94,7945.552,458035.98,670.4
0.01,0.95,5074.644,434444.59,921.2
0.32,0.89,9908.921,1194708.74,299.8
0.27,0.48,9546.271,1262927.14,611.5
0.34,0.59,7784.215,462970.22,840.0
0.0,0.95,8953.383,1213706.71,587.2
0.31,0.83,6926.136,1279931.48,806.9
0.33,0.45,5713.255,486059.52,642.2
0.01,1.0,9587.572,452148.25,667.8
0.32,0.6,8798.447,1204014.56,340.8
-0.03,0.43,9060.846,1213430.7,461.5
0.35,0.51,8761.897,425508.4,150.2
0.33,0.48,7886.565,458490.02,517.2
0.05,0.97,6196.418,484754.01,812.8
0.25,0.92,5335.606,1197338.71,998.9
0.33,0.93,7046.874,1192901.04,872.6
-0.02,0.54,5459.49,466712.96,696.3
0.28,0.52,9641.089,1220917.4,993.0
-0.01,0.95,8166.329,1270321.42,970.1
0.31,0.48,8544.15,1178942.31,823.2
0.32,0.51,5559.859,1159223.38,532.2
0.35,0.95,9679.31,465407.5,526.6
0.25,0.93,6516.897,1181595.81,905.7
0.33,0.47,8331.482,465929.65,785.3
0.02,0.45,9584.576,508501.85,179.1
0.26,0.92,9559.074,1231538.34,321.3
0.01,0.95,5152.645,1238005.24,780.1
-0.0,0.87,5304.312,495046.9,636.8
0.29,0.58,6400.693,603836.82,253.1
0.34,0.58,7783.148,1236338.98,417.4
0.33,0.84,8923.548,1208972.49,781.7
0.31,0.95,5656.055,476843.21,277.6
0.32,0.85,9446.098,1248001.18,751.1
0.04,0.97,7600.302,1166782.59,315.5
0.03,0.47,5935.394,420181.73,821.2
-0.0,0.95,6825.571,437784.43,473.4
-0.03,0.96,9549.035,420781.61,792.6
0.0,0.52,8006.612,519775.91,413.9
0.33,0.51,9010.404,451004.28,362.3
0.0,0.97,6048.349,1234713.74,418.7
0.29,0.92,7217.04,430178.3,446.2
0.33,0.97,7602.487,1252330.68,754.9
0.03,0.88,7848.502,1172478.32,503.8
-0.01,0.5,8867.005,551882.34,687.9
0.02,0.46,9746.958,459797.96,352.9
0.01,0.75,8029.202,429050.93,622.9
0.29,0.88,8676.481,452303.91,196.8
0.02,0.82,9701.544,1176567.94,917.2
0.04,0.53,7335.557,465351.23,399.6
0.28,0.54,9084.184,1197249.7,429.4
0.36,0.95,8188.964,430115.19,669.5
-0.0,0.93,8257.938,542420.08,801.5
-0.0,0.9,5836.938,1163727.05,168.8
0.38,0.96,9193.188,585339.52,790.5
0.32,0.93,8820.071,1183536.53,867.5
0.02,0.99,8815.326,1276899.91,399.6
0.29,0.87,8673.452,459362.45,699.0
0.05,0.45,7777.508,1218609.91,896.4
0.29,0.93,7249.048,1189968.38,567.5
0.3,0.52,7830.299,499293.52,236.9
0.28,0.94,9169.359,571217.45,959.8
0.32,0.55,7837.831,562838.77,465.8
0.37,0.54,9827.83,1226647.82,274.1
-0.01,1.0,7268.173,436073.49,471.3
0.03,0.55,6422.795,463994.29,386.5
0.07,0.53,9542.274,453362.54,899.8
0.3,0.47,5872.658,488190.56,525.6
0.27,0.91,6030.715,422694.98,845.9
-0.0,0.91,9707.31,1142169.84,199.8
0.32,0.53,6723.421,1240391.6,186.3
0.3,0.86,7782.718,493191.88,1021.1
0.34,0.85,5137.097,444046.63,707.9
0.31,0.83,6665.607,1149762.32,417.2
-0.02,0.92,8763.503,470288.42,843.5
0.34,0.98,5352.668,467739.72,909.1
0.02,0.89,9517.385,1115843.98,985.0
0.04,0.59,7948.297,499344.06,442.0
0.04,0.5,6777.21,477852.59,239.2
0.28,0.52,8305.262,470325.15,351.2
0.3,0.5,8723.21,486465.38,314.8
0.01,0.88,9848.831,1188520.68,850.5
0.32,0.86,9061.681,526440.78,306.6
0.32,0.85,5171.052,1250428.0,404.7
0.06,0.84,9280.786,1232486.75,775.3
-0.01,0.47,7657.269,1191913.27,1019.7
0.34,0.86,8887.366,1142949.95,1018.2
0.3,0.52,7902.729,1213874.34,808.2
0.02,0.87,9601.691,465436.6,757.8
-0.01,0.5,8696.996,1257137.54,594.4
0.24,0.57,6057.574,488622.73,488.2
0.35,0.51,7717.76,1226901.69,270.5
0.26,0.5,9202.119,1240360.05,576.6
0.03,0.9,9940.901,482172.17,523.7
0.31,0.88,9782.871,515237.39,395.9
0.04,0.92,8920.876,1240400.31,819.8
0.29,0.47,7527.379,1214815.59,1006.6
0.31,0.98,8609.608,1219303.25,653.7
-0.06,0.56,6080.217,533953.2,696.7
-0.03,0.51,6679.969,428769.3,916.6
0.0,0.46,9714.088,1204490.2,316.8
-0.01,0.53,6734.583,465484.3,589.7
0.04,0.59,6296.864,510021.03,629.9
0.03,0.61,8534.284,450658.11,405.7
0.05,0.47,8499.6,1270082.21,180.2
0.02,1.04,6568.464,1172519.35,842.9
-0.02,0.96,9828.986,1153478.62,981.2
-0.02,0.87,7261.265,1247058.48,355.8
0.33,0.88,8590.193,522208.6,712.6
0.01,0.51,7035.899,1248431.93,365.2
0.02,0.55,5874.943,1222864.81,642.8
0.02,0.85,6469.763,1205734.87,283.4
0.0,0.47,9949.978,495311.2,1000.3
0.31,0.5,5028.717,423155.53,384.5
-0.01,0.85,7626.074,1171168.76,444.3
0.0,0.94,7665.257,1232160.06,816.8
0.33,0.95,8427.527,466597.05,300.1
-0.02,0.87,6304.464,522928.44,319.3
0.03,0.93,5915.901,436760.8,365.3
0.03,0.57,5104.482,1253080.0,620.2
0.02,0.56,8007.471,1113788.36,640.9
-0.02,0.44,8481.732,1218714.55,842.3
0.29,0.58,5382.86,1240742.8,749.6
0.01,0.56,5393.689,1295498.82,211.2
0.01,0.87,6933.961,1063348.46,986.1
0.28,0.93,7117.623,466752.49,962.3
-0.03,0.93,5917.895,1251954.86,574.6
0.28,0.48,9792.803,1216367.65,966.4
0.29,0.58,7997.308,1233601.75,419.6
0.26,0.44,5128.101,467836.0,263.7
0.01,0.51,9634.275,442530.3,802.0
0.26,0.4,6953.437,460220.22,336.0
-0.01,0.59,9730.218,530009.24,871.3
0.26,0.54,6836.991,556865.87,948.9
0.28,0.58,5037.043,500041.73,189.7
0.01,0.54,7763.679,1242054.34,792.0
0.31,0.45,5750.741,1238722.21,838.7
0.02,0.93,9752.267,1160917.61,855.6
0.29,0.5,6123.013,1194020.56,517.6
-0.01,0.82,6539.353,414023.56,910.7
-0.0,0.88,9595.98,436260.77,855.9
0.06,0.55,9325.792,1236395.45,142.0
0.28,0.47,7337.696,458742.3,827.0
-0.06,0.42,9685.724,1179785.79,724.6
-0.03,0.49,8291.812,492958.52,422.9
-0.01,0.47,5068.903,466335.26,611.8
0.33,0.89,5337.818,553341.29,169.0
0.36,0.9,7507.933,1223697.69,264.2
-0.02,0.52,5696.564,1226450.19,561.4
0.38,0.51,8583.925,461378.67,226.1
0.35,0.51,5066.761,1214041.43,558.9
0.3,0.94,7912.466,524381.89,1009.0
0.33,0.9,6925.599,434164.42,704.1
0.04,0.47,6103.548,1161893.9,715.3
-0.01,0.96,6282.45,1277455.52,283.6
0.25,0.6,6593.703,461260.65,818.8
-0.01,0.54,6255.202,508693.24,163.2
-0.01,0.5,5932.141,467106.42,811.8
0.32,0.54,7956.96,1159925.1,996.9
0.03,0.94,7844.958,510631.51,161.8
0.01,0.42,8164.076,1248946.04,934.1
0.3,0.87,7174.839,1225960.59,315.6
0.04,0.51,5030.885,1168117.06,638.6
0.01,0.95,7767.59,481209.29,819.9
0.03,0.86,8680.047,417237.99,919.6
0.3,0.47,6969.403,1151209.0,637.8
0.29,0.85,8969.308,1251555.54,898.6
0.06,0.42,8796.286,1184808.34,569.9
0.02,0.89,8915.253,466841.88,520.0
0.07,0.93,5239.488,481466.87,202.3
-0.03,0.92,7095.7,1183355.8,241.2
0.29,0.55,8867.086,1207538.89,455.5
0.05,0.56,8880.096,386951.09,284.9
0.29,0.51,5245.501,1252178.88,143.9
-0.03,0.9,5297.279,480102.93,870.6
-0.0,0.5,6728.26,1247997.54,616.8
0.29,0.48,7302.464,470379.37,251.8
0.32,1.0,7867.759,471244.48,461.6
0.29,0.52,9372.344,1170772.71,975.7
0.01,0.46,7046.981,547920.69,249.3
0.29,0.51,9903.337,422207.25,892.7
0.28,0.91,9843.433,516053.99,308.3
-0.03,0.4,7310.03,520926.8,239.6
0.26,0.5,9018.164,1165162.15,619.3
-0.01,0.97,9816.131,446930.57,490.2
0.33,0.56,5330.589,1158007.0,766.9
0.21,0.94,9899.588,450980.94,681.2
0.31,0.93,7356.194,418736.79,821.2
0.03,0.88,6898.629,449759.75,303.5
0.3,0.99,8797.791,465347.71,877.9
0.29,0.57,8663.959,1157292.87,854.9
0.04,0.84,6992.731,460133.63,155.0
0.01,0.47,6662.909,508729.92,875.8
-0.02,0.42,6331.753,1164394.94,825.5
0.3,0.88,8104.654,491999.26,560.7
0.34,0.93,7658.163,1195514.54,449.0
-0.01,0.95,8938.555,1270395.13,670.0
0.0,0.85,7608.234,479102.36,134.4
0.09,0.95,5417.966,449582.26,631.5
0.08,0.96,6188.132,1229950.43,274.1
0.29,0.92,5985.642,473942.84,741.2
0.3,0.93,6413.156,494396.76,243.1
-0.0,0.48,9466.421,1235406.12,456.7
-0.04,0.92,6789.443,1223333.16,374.5
0.02,0.56,9505.482,1230870.75,487.2
-0.05,0.82,9596.807,445314.86,564.0
0.28,0.49,8255.636,1265285.7,562.3
0.33,0.54,6192.724,1228653.99,352.1
0.32,0.48,7492.963,461245.39,543.8
0.01,0.83,5700.183,1155176.16,977.8
0.0,0.49,5819.574,1161039.74,257.3
-0.01,0.95,7422.059,1221930.4,673.4
0.06,0.45,5049.981,463782.33,875.7
0.31,0.96,8170.656,1190952.0,215.9
-0.05,0.55,7872.129,542044.77,504.4
0.04,0.9,5349.562,1138750.81,557.0
-0.04,0.87,6438.819,497780.54,807.2
0.3,0.92,9878.215,1205331.44,897.3
0.01,0.57,6437.997,442723.0,715.2
0.35,0.92,6329.798,1221786.58,167.8
0.26,0.47,8356.992,1205775.0,634.4
0.27,1.01,9571.084,1138850.36,720.0
0.24,0.86,6448.464,1209917.17,350.8
-0.03,0.83,9669.665,457983.77,400.9
0.34,0.99,6426.337,1201628.49,904.3
0.27,0.53,6105.476,542478.79,378.4
0.07,0.9,7492.511,1189910.33,191.7
0.31,1.02,5784.884,1188000.43,249.7
0.34,0.84,8934.571,613387.4,197.2
0.31,0.87,8192.908,1216867.13,833.6
-0.0,0.5,8147.432,1238629.02,134.2
0.34,0.55,9663.018,510895.03,862.8
0.3,0.9,5296.38,568395.1,246.0
0.29,0.48,7121.339,1225267.76,493.7
0.32,0.89,7903.035,1151777.08,167.2
0.35,0.49,7908.744,1188243.94,661.9
-0.04,0.78,6947.816,477592.97,540.8
0.29,0.54,5924.01,472288.41,519.4
0.01,0.99,6782.482,1250489.26,388.4
0.3,0.45,6083.897,461728.71,413.4
0.0,0.96,6153.785,1216443.99,296.3
0.31,0.57,7915.083,1178219.01,906.3
0.0,0.59,5099.122,408855.55,738.0
0.33,0.92,6044.304,1231079.84,850.0
0.34,0.57,6109.999,1149725.71,546.9
0.02,0.43,5010.135,1247459.24,314.1
0.3,0.51,9246.343,435424.02,765.3
0.3,1.0,6975.21,1166648.36,822.9
-0.0,0.58,9259.554,575393.9,805.5
0.05,0.49,5238.671,1222032.3,172.9
0.04,0.93,5041.145,492745.85,382.0
0.31,0.88,8706.561,477863.89,931.1
0.01,0.54,6265.972,1146452.99,315.9
0.33,0.96,6629.152,1168139.4,599.8
0.33,0.96,8947.794,1166928.53,566.4
0.3,0.51,8044.919,487925.06,545.8
0.29,0.55,9231.913,1238182.84,673.5
-0.02,0.87,6038.745,457957.12,240.9
0.01,0.99,8274.454,1208905.9,878.5
0.03,0.9,6418.947,1064682.17,717.7
-0.01,0.92,6837.632,1245683.84,686.3
-0.04,0.96,6515.13,576635.13,670.7
0.33,0.49,9351.105,1234550.75,586.0
0.31,0.9,8488.059,497800.22,339.9
0.24,0.51,5729.388,422520.12,345.6
-0.03,0.93,9057.333,1206479.26,336.2
0.31,0.95,5459.874,1122247.29,1008.7
0.05,0.49,9858.76,1175632.91,906.0
0.04,0.97,6841.917,486146.94,829.9
0.3,0.96,5183.1,446846.68,671.0
0.03,0.39,5917.579,498876.25,261.0
0.01,1.01,8117.472,425177.32,739.1
0.31,0.45,9604.594,606159.81,295.6
0.27,0.46,8325.48,478188.17,834.4
0.28,0.84,5381.691,496401.87,880.9
0.01,0.5,5666.189,493646.14,260.2
-0.0,0.94,9486.106,461438.02,377.6
-0.02,0.53,5042.003,487894.19,506.1
0.06,0.47,6063.064,1199511.28,572.9
0.29,0.51,8439.706,1229283.09,233.3
0.29,0.41,6076.41,1204278.63,454.0
0.01,0.89,7594.987,427689.74,329.1
0.01,0.98,5278.889,1121090.79,495.5
0.34,0.48,6473.018,465880.92,413.8
0.04,0.49,7832.409,1222732.91,932.9
0.29,0.91,9067.724,525551.5,716.7
0.06,0.86,7097.594,464550.6,622.2
-0.02,0.89,5212.121,512594.11,866.1
-0.0,0.91,9453.999,1257362.78,812.3
0.03,0.89,8876.376,504988.41,450.7
0.3,0.89,6613.195,1206399.7,426.8
-0.01,0.86,7764.41,1220536.16,729.5
0.29,0.44,5020.133,1153602.11,659.6
0.34,0.87,6213.413,500189.86,664.5
0.01,0.88,9204.223,1285459.3,645.5
0.34,0.63,9661.144,1205496.26,507.4
0.35,0.46,9779.271,1184560.83,229.1
-0.01,0.98,8851.813,1238728.37,626.9
0.31,0.51,6411.94,434475.04,196.4
0.0,0.97,5914.429,444652.68,625.6
0.32,0.94,6449.145,548087.39,882.6
-0.04,0.96,6519.793,478040.43,984.3
-0.01,0.52,5097.046,1270339.73,536.5
0.27,0.94,7957.724,524903.06,673.1
0.31,0.42,9286.194,1204190.37,707.8
0.27,0.96,8015.496,438550.97,925.0
0.28,0.53,8500.395,1207497.43,494.9
0.0,0.6,6410.555,570707.2,636.3
0.31,0.85,5514.379,1233426.44,465.2
-0.05,0.99,5406.777,476912.55,789.0
0.32,0.43,6849.54,1210715.45,668.4
0.0,0.43,9043.891,463045.25,947.9
0.04,0.97,8361.408,451493.07,634.7
0.3,0.54,8313.253,1183085.95,771.5
0.06,0.95,8343.389,457490.17,824.2
0.31,0.53,5218.444,410505.01,591.8
0.02,0.84,8367.388,1229431.71,573.5
0.28,0.47,9541.244,483058.73,927.0
0.01,0.53,7188.475,433512.82,998.7
0.31,0.79,7340.515,393890.1,809.4
0.3,0.54,5050.178,1176649.57,863.1
0.29,0.86,6730.916,472482.73,349.6
0.29,0.94,6794.254,1274378.32,445.0
0.02,0.92,7407.559,495860.5,383.6
-0.02,0.47,7360.636,1209091.4,295.3
0.0,0.5,8953.644,1224667.39,887.9
0.31,0.87,6848.436,404433.26,691.7
0.32,0.92,8087.408,1184377.44,830.6
0.3,0.49,5446.555,582762.99,912.4
-0.02,0.86,8510.452,508535.13,999.5
